<?xml version="1.0" encoding="UTF-8"?>
<window>
	<controls>
		<control type="image" id="1">
			<width>50</width>
			<height>50</height>
			<texture>1080p/controls/cursor.png</texture>
		</control>
		<control type="image" id="2">
			<width>50</width>
			<height>50</height>
			<texture>1080p/controls/cursor.png</texture>
		</control>
		<control type="image" id="3">
			<width>50</width>
			<height>50</height>
			<texture>1080p/controls/cursor.png</texture>
		</control>
		<control type="image" id="4">
			<width>50</width>
			<height>50</height>
			<texture>1080p/controls/cursor.png</texture>
		</control>
	</controls>
</window>