<?xml version="1.0" encoding="UTF-8"?>
<includes>
	<!-- Constants -->
	<constant name="HEIGHT_POSTER">360</constant>
	<constant name="WIDTH_POSTER">252</constant>
	<constant name="HEIGHT_POSTER_LIST_ITEM_CONTAINER">360</constant>
	<constant name="WIDTH_POSTER_LIST_ITEM_CONTAINER">245</constant>

	<constant name="HEIGHT_LANDSCAPE">282</constant>
	<constant name="WIDTH_LANDSCAPE">502</constant>
	<constant name="HEIGHT_LANDSCAPE_LIST_ITEM_CONTAINER">282</constant>
	<constant name="WIDTH_LANDSCAPE_LIST_ITEM_CONTAINER">500</constant>
	<constant name="HEIGHT_LANDSCAPE_CLEARLOGO">50</constant>
	<constant name="WIDTH_LANDSCAPE_CLEARLOGO">350</constant>

	<constant name="HEIGHT_ALBUM">252</constant>
	<constant name="WIDTH_ALBUM">252</constant>
	<constant name="HEIGHT_ALBUM_LIST_ITEM_CONTAINER">360</constant>
	<constant name="WIDTH_ALBUM_LIST_ITEM_CONTAINER">245</constant>
	<constant name="OFFSET_ALBUM_INFO">235</constant>

	<constant name="HEIGHT_PERSON">260</constant>
	<constant name="WIDTH_PERSON">260</constant>
	<constant name="HEIGHT_PERSON_LIST_ITEM_CONTAINER">360</constant>
	<constant name="WIDTH_PERSON_LIST_ITEM_CONTAINER">240</constant>
	<constant name="OFFSET_PERSON_INFO">235</constant>

	<constant name="HEIGHT_LIST_CONTAINER">440</constant> <!-- HEIGHT_POSTER_LIST_ITEM_CONTAINER + PADDING_BASE - SIZE_ITEM_SHADOW_ART -->
	<constant name="HEIGHT_LIST_CONTAINER_WITH_LABEL">492</constant> <!-- FONT_SIZE_BODY + PADDING_BASE_20P + HEIGHT_POSTER_LIST_ITEM_CONTAINER -->
	
	<constant name="SIZE_LIST_WATCHED_ICON">50</constant>
	<constant name="SIZE_LIST_RUNNING_ICON">70</constant>
	<constant name="OFFSET_TOP_LANDSCAPE_STRIP_ICON">262</constant>
	<constant name="OFFSET_RIGHT_LANDSCAPE_STRIP_ICON">50</constant>
	<constant name="OFFSET_TOP_POSTER_STRIP_ICON">332</constant>
	<constant name="OFFSET_RIGHT_POSTER_STRIP_ICON">28</constant>
	<constant name="OFFSET_TOP_POSTER_WALL_ICON">332</constant>
	<constant name="OFFSET_RIGHT_POSTER_WALL_ICON">38</constant>

	<constant name="WIDTH_POSTER_PROGRESS">200</constant>
	<constant name="WIDTH_LANDSCAPE_PROGRESS">426</constant>
	<constant name="OFFSET_TOP_LANDSCAPE_PROGRESS">244</constant>
	<constant name="OFFSET_LEFT_LANDSCAPE_PROGRESS">252</constant>
	<constant name="OFFSET_TOP_POSTER_PROGRESS">329</constant>
	<constant name="OFFSET_LEFT_POSTER_PROGRESS">127</constant>
</includes>