<?xml version="1.0" encoding="UTF-8"?>
<addon id="skin.canvas" version="1.0.8" name="Canvas" provider-name="Gabriele Seppi">
	<requires>
		<import addon="xbmc.gui" version="5.17.0"/>
		<import addon="script.canvas.helper" version="1.0.3"/>
		<import addon="resource.images.studios.coloured" version="0.0.23"/>
		<import addon="resource.uisounds.androidtv" version="1.0.0"/>
	</requires>
	<extension point="xbmc.gui.skin" debugging="false">
		<res width="1920" height="1080" aspect="16:9" default="true" folder="1080p" />
		<res width="1920" height="1200" aspect="16:10" default="true" folder="1080p" />
	</extension>
	<extension point="xbmc.addon.metadata">
		<platform>all</platform>
		<assets>
			<icon>icon.png</icon>
		</assets>
		<summary lang="en_US">Minimalistic Kodi skin</summary>
		<summary lang="it_IT">Skin minimalistica per Kodi</summary>
		<description lang="en_US">Canvas is a minimalistic Kodi skin</description>
		<description lang="it_IT">Canvas è una skin minimalistica per Kodi</description>
	</extension>
</addon>
