<?xml version="1.0" encoding="UTF-8"?>
<fonts>
	<!-- Sizes also defined in Includes.xml for element heights -->
	<fontset id="Default">
		<font>
			<name>BUTTON</name>
			<filename>Geologica-SemiBold.ttf</filename>
			<size>30</size>
		</font>
		<font>
			<name>TITLE1</name>
			<filename>Geologica-SemiBold.ttf</filename>
			<size>90</size>
		</font>
		<font>
			<name>TITLE2</name>
			<filename>Geologica-SemiBold.ttf</filename>
			<size>75</size>
		</font>
		<font>
			<name>TITLE3</name>
			<filename>Montserrat-SemiBold.ttf</filename>
			<size>62</size>
		</font>
		<font>
			<name>SUBTITLE</name>
			<filename>Montserrat-SemiBold.ttf</filename>
			<size>38</size>
		</font>
		<font>
			<name>BODY</name>
			<filename>Geologica-Thin.ttf</filename>
			<size>32</size>
			<linespacing>1.05</linespacing>
		</font>
		<font>
			<name>BODY_STRONG</name>
			<filename>Geologica-SemiBold.ttf</filename>
			<size>32</size>
			<linespacing>1.05</linespacing>
		</font>
		<font>
			<name>BODY2</name>
			<filename>Geologica-Regular.ttf</filename>
			<size>28</size>
			<linespacing>1.1</linespacing>
		</font>
		<font>
			<name>BODY2_STRONG</name>
			<filename>Geologica-SemiBold.ttf</filename>
			<size>28</size>
			<linespacing>1.1</linespacing>
		</font>
		<font>
			<name>CAPTION</name>
			<filename>Geologica-Regular.ttf</filename>
			<size>24</size>
			<linespacing>1.05</linespacing>
		</font>
		<font>
			<name>CAPTION_STRONG</name>
			<filename>Geologica-ExtraBold.ttf</filename>
			<size>24</size>
			<linespacing>1.05</linespacing>
		</font>
		<font>
			<name>CAPTION2</name>
			<filename>Geologica-Regular.ttf</filename>
			<size>20</size>
			<linespacing>1.05</linespacing>
		</font>
		<font>
			<name>CAPTION2_STRONG</name>
			<filename>Geologica-Bold.ttf</filename>
			<size>20</size>
			<linespacing>1.05</linespacing>
		</font>
		<font>
			<name>CAPTION3_STRONG</name>
			<filename>Geologica-Bold.ttf</filename>
			<size>18</size>
			<linespacing>1.05</linespacing>
		</font>
		<font>
			<name>LABEL</name>
			<filename>Geologica-Regular.ttf</filename>
			<size>16</size>
			<linespacing>1.05</linespacing>
		</font>
		<font>
			<name>SETTINGS_CAPTION</name>
			<filename>Geologica-Bold.ttf</filename>
			<size>24</size>
			<style>uppercase</style>
		</font>
		<font>
			<name>CLOCK</name>
			<filename>Montserrat-SemiBold.ttf</filename>
			<size>38</size>
		</font>
		<font>
			<name>ETACLOCK</name>
			<filename>Montserrat-SemiBold.ttf</filename>
			<size>24</size>
		</font>
		<font>
			<name>LOGO</name>
			<filename>Geologica-SemiBold.ttf</filename>
			<size>200</size>
		</font>
	</fontset>
</fonts>
