<?xml version="1.0" encoding="UTF-8" standalone="yes"?>
<addon id="repository.canvas" name="Repository for Canvas" version="1.0.0" provider-name="Gabriele Seppi">
	<extension point="xbmc.addon.repository" name="Repository for Canvas">
		<dir minversion="21.0.0">
			<info compressed="false">https://raw.githubusercontent.com/cibboy/repository.canvas/main/zips/addons.xml</info>
			<checksum>https://raw.githubusercontent.com/cibboy/repository.canvas/main/zips/addons.xml.md5</checksum>
			<datadir zip="true">https://raw.githubusercontent.com/cibboy/repository.canvas/main/zips/</datadir>
		</dir>
	</extension>
	<extension point="xbmc.addon.metadata">
		<summary>Repository for Canvas</summary>
		<description>A repository for releases of Kodi skin Canvas.</description>
		<disclaimer></disclaimer>
		<platform>all</platform>
		<assets>
			<icon>icon.png</icon>
		</assets>
	</extension>
</addon>