<?xml version="1.0" encoding="UTF-8"?>
<includes>
	<!-- Constants: times -->
	<constant name="ANIMATION_FAST">250</constant>
	<constant name="ANIMATION_MID">350</constant>
	<constant name="ANIMATION_SLOW">500</constant>
	<constant name="ANIMATION_CRAWL">1000</constant>

	<!-- Constants: padding -->
	<constant name="PADDING_BASE">100</constant>
	<constant name="PADDING_BASE_5P">5</constant>
	<constant name="PADDING_BASE_10P">10</constant>
	<constant name="PADDING_BASE_20P">20</constant>
	<constant name="PADDING_BASE_20P_NEG">-20</constant>
	<constant name="PADDING_BASE_30P">30</constant>
	<constant name="PADDING_BASE_30P_NEG">-30</constant>
	<constant name="PADDING_BASE_40P">40</constant>
	<constant name="PADDING_BASE_50P">50</constant>
	<constant name="PADDING_BASE_50P_NEG">-50</constant>
	<constant name="PADDING_BASE_60P">60</constant>
	<constant name="PADDING_BASE_80P">80</constant>
	<constant name="PADDING_BASE_80P_NEG">-80</constant>
	<constant name="PADDING_BASE_125P">125</constant>
	<constant name="PADDING_BASE_150P">150</constant>
	<constant name="PADDING_BASE_200P">200</constant>

	<!-- Constants: sizes -->
	<constant name="SIZE_ITEM_SHADOW_ART">20</constant>
	<constant name="SIZE_ITEM_SHADOW_ART_DOUBLE">40</constant>
	<constant name="SIZE_ITEM_SHADOW_CIRCLE">20</constant>
	<constant name="SIZE_ITEM_SHADOW_CIRCLE_DOUBLE">38</constant>
	<constant name="SIZE_ITEM_SHADOW_SMALLCIRCLE">25</constant>
	<constant name="SIZE_ITEM_SHADOW_SMALLCIRCLE_DOUBLE">50</constant>
	<constant name="SIZE_ITEM_SHADOW_SQUARE">18</constant>
	<constant name="SIZE_ITEM_SHADOW_SQUARE_DOUBLE">36</constant>

	<constant name="HEIGHT_STUDIO_LOGO">80</constant>
	<constant name="WIDTH_STUDIO_LOGO">120</constant>

	<constant name="HEIGHT_BUTTON_DEFAULT">150</constant>
	<constant name="PADDING_BUTTON_VERTICAL">40</constant>
	<constant name="PADDING_BUTTON_HORIZONTAL">60</constant>

	<!-- Constants: screen-related sizes -->
	<constant name="SCREEN_HEIGHT">1080</constant>
	<constant name="SCREEN_WIDTH">1920</constant>
	<constant name="SCREEN_HEIGHT_NEG">-1080</constant>
	<constant name="SCREEN_WIDTH_NEG">-1920</constant>
	<constant name="SCREEN_HEIGHT_HALF">540</constant>
	<constant name="SCREEN_WIDTH_HALF">960</constant>
	<constant name="SCREEN_HEIGHT_HALF_NEG">-540</constant>
	<constant name="SCREEN_WIDTH_HALF_NEG">-960</constant>

	<!-- Constants: font sizes -->
	<constant name="FONT_SIZE_TITLE1">90</constant>
	<constant name="FONT_SIZE_TITLE2">75</constant>
	<constant name="FONT_SIZE_TITLE3">62</constant>
	<constant name="FONT_SIZE_SUBTITLE">42</constant>
	<constant name="FONT_SIZE_BODY">32</constant>
	<constant name="FONT_SIZE_BODY2">25</constant>
	<constant name="FONT_SIZE_CAPTION">24</constant>
	<constant name="FONT_SIZE_CAPTION2">20</constant>
	<constant name="FONT_SIZE_CAPTION3">18</constant>
	<constant name="FONT_SIZE_LABEL">16</constant>

	<!-- Referenced includes -->
	<include file="Includes/Defaults.xml" />
	<include file="Includes/Utilities.xml" />
	<include file="Includes/GeneralAnimations.xml" />
	<include file="Includes/BottomBar.xml" />
	<include file="Includes/TopBar.xml" />
	<include file="Includes/Backgrounds/Backgrounds.xml" />
	<include file="Includes/SplashScreen/SplashScreen.xml" />
	<include file="Includes/Dialogs/Dialogs.xml" />
	<include file="Includes/ArtLists/ArtLists.xml" />
	<include file="Includes/Details/Details.xml" />
	<include file="Includes/Home/Home.xml" />
	<include file="Includes/MediaNav/MediaNav.xml" />
	<include file="Includes/Players/Players.xml" />
	<include file="Includes/Settings/Settings.xml" />
</includes>
