<?xml version="1.0" encoding="UTF-8"?>
<includes>
	<!-- Elapsed time (with speed factor) -->
	<variable name="PlayerOSDElapsedTime">
		<value condition="!String.IsEqual(Player.PlaySpeed,1.00) + !String.IsEqual(Player.PlaySpeed,0.00)">$INFO[Player.TimeSpeed]</value>
		<value>$INFO[Player.Time()]</value>
	</variable>

	<!-- Poster art -->
	<variable name="PlayerOSDPosterArt">
		<value condition="!String.IsEmpty(VideoPlayer.Art(season.poster))">$INFO[VideoPlayer.Art(season.poster)]</value>
		<value condition="!String.IsEmpty(VideoPlayer.Art(tvshow.poster))">$INFO[VideoPlayer.Art(tvshow.poster)]</value>
		<value condition="!String.IsEmpty(VideoPlayer.Art(poster))">$INFO[VideoPlayer.Art(poster)]</value>
		<value condition="!String.IsEmpty(MusicPlayer.Art(thumb))">$INFO[MusicPlayer.Art(thumb)]</value>
	</variable>

	<!-- Actions -->
	<variable name="PlayerOSDPrevRewindAction">
		<value condition="$EXP[IsVideoPlayerVisible]">PlayerControl(Rewind)</value>
		<value>PlayerControl(Previous)</value>
	</variable>
	<variable name="PlayerOSDNextForwardAction">
		<value condition="$EXP[IsVideoPlayerVisible]">PlayerControl(Forward)</value>
		<value>PlayerControl(Next)</value>
	</variable>

	<!-- Seek progress hide delay -->
	<variable name="PlayerOSDSeekProgressHideDelay">
		<value condition="!Window.IsActive(VideoOSD.xml)">1000</value>
		<value>0</value>
	</variable>
	<!-- Progress nib color -->
	<variable name="PlayerOSDProgressNibColor">
		<value condition="String.IsEqual(Window(videoosd).Property(FrameAdvance),true)">FOREGROUND_ACCENT</value>
		<value>HIGHLIGHT</value>
	</variable>
	
	<!-- Video next current video label -->
	<variable name="VideoNextCurrentLabel">
		<value condition="Player.HasVideo">Currently playing</value>
		<value condition="!Player.HasVideo">Just played</value>
	</variable>
	<!-- Video next hints -->
	<variable name="VideoNextOkHint">
		<value condition="Control.HasFocus(1) + Player.HasVideo">Return to video</value>
		<value condition="Control.HasFocus(1) + !Player.HasVideo">Play again</value>
		<value condition="Control.HasFocus(2)">Play next</value>
	</variable>
	
	<!-- Icons -->
	<variable name="PlayerOSDPlayPauseIcon">
		<value condition="Player.Playing">1080p/icons/pause.png</value>
		<value>1080p/icons/play.png</value>
	</variable>
	<variable name="PlayerOSDNextForwardIcon">
		<value condition="$EXP[IsVideoPlayerVisible]">1080p/icons/ff.png</value>
		<value>1080p/icons/next.png</value>
	</variable>
	<variable name="PlayerOSDRepeatIcon">
		<value condition="Playlist.IsRepeat">1080p/icons/repeat-all.png</value>
		<value condition="Playlist.IsRepeatOne">1080p/icons/repeat-one.png</value>
		<value>1080p/icons/repeat-off.png</value>
	</variable>
	<variable name="PlayerOSDShuffleIcon">
		<value condition="Playlist.IsRandom">1080p/icons/shuffle-on.png</value>
		<value>1080p/icons/shuffle-off.png</value>
	</variable>

	
	<!-- Constants -->
	<constant name="SIZE_PLAYER_STATUS_INDICATOR">200</constant>
	<constant name="SIZE_PLAYER_SEEK_INDICATOR">100</constant>

	<constant name="HEIGHT_OSD">650</constant>
	<constant name="HEIGHT_OSD_CLEARLOGO">100</constant>
	<constant name="HEIGHT_OSD_PLOT">200</constant>

	<constant name="SIZE_OSD_BUTTON">80</constant>
	<constant name="SIZE_OSD_BUTTON_FOCUS">110</constant>
	<constant name="SIZE_OSD_BUTTON_ICON">40</constant>
	<constant name="SIZE_OSD_BUTTON_BIG">100</constant>
	<constant name="SIZE_OSD_BUTTON_BIG_FOCUS">140</constant>
	<constant name="SIZE_OSD_BUTTON_BIG_ICON">60</constant>

	<constant name="OFFSET_OSD_PROGRESS">250</constant>

	<constant name="WIDTH_NEXTVIDEO_LANDSCAPE">500</constant>
	<constant name="HEIGHT_NEXTVIDEO_LANDSCAPE">281</constant>
	<constant name="HEIGHT_NEXTVIDEO_SECTION">341</constant>
	<constant name="HEIGHT_NEXTVIDEO_HINTS">35</constant>
	<constant name="SIZE_NEXTVIDEO_HINTS_ICON">28</constant>

	<constant name="SIZE_PLAYER_ALBUMART">500</constant>
	<constant name="WIDTH_PLAYER_MUSICINFO">920</constant>	<!-- SCREEN_WIDTH - (PADDING_BASE_200P * 2) - SIZE_PLAYER_ALBUMART - PADDING_BASE -->
</includes>