<?xml version="1.0" encoding="UTF-8"?>
<colors>
	<!-- Foregrounds -->
	<color name="HIGHLIGHT">FFF1F1F1</color>
	<color name="HIGHLIGHT_OPAQUE75">BFF1F1F1</color>
	<color name="FOREGROUND">FFBEBEBE</color>
	<color name="FOREGROUND_OPAQUE90">E5BEBEBE</color>
	<color name="FOREGROUND_OPAQUE75">BFBEBEBE</color>
	<color name="FOREGROUND_OPAQUE50">7FBEBEBE</color>
	<color name="FOREGROUND_OPAQUE35">59BEBEBE</color>
	<color name="FOREGROUND_OPAQUE20">33BEBEBE</color>
	<color name="FOREGROUND_OPAQUE10">1ABEBEBE</color>
	<color name="FOREGROUND_OPAQUE5">0DBEBEBE</color>
	<color name="FOREGROUND_DARK">FF999999</color>
	<color name="FOREGROUND_DARKER">FF555555</color>
	<color name="FOREGROUND_INVERSE">FF313131</color>
	<color name="FOREGROUND_INVERSE_OPAQUE75">BF313131</color>
	<color name="FOREGROUND_INVERSE_OPAQUE50">7F313131</color>
	<color name="FOREGROUND_INVERSE_OPAQUE35">59313131</color>
	<color name="FOREGROUND_INVERSE_OPAQUE20">33313131</color>
	<color name="FOREGROUND_INVERSE_OPAQUE10">1A313131</color>

	<color name="FOREGROUND_CONTRAST_LIGHT">FFBEBEBE</color>
	<color name="FOREGROUND_CONTRAST_DARK">FF212121</color>
	<color name="HIGHLIGHT_CONTRAST_LIGHT">FFF1F1F1</color>
	<color name="HIGHLIGHT_CONTRAST_DARK">FF0E0E0E</color>

	<color name="FOREGROUND_ACCENT">FFE5A00D</color>
	<color name="FOREGROUND_ACCENT_OPAQUE90">E4E5A00D</color>
	<color name="FOREGROUND_ACCENT_OPAQUE75">BFE5A00D</color>
	<color name="FOREGROUND_ACCENT_OPAQUE50">7FE5A00D</color>
	<color name="FOREGROUND_ACCENT_OPAQUE35">59E5A00D</color>
	<color name="FOREGROUND_ACCENT_OPAQUE20">33E5A00D</color>
	<color name="FOREGROUND_ACCENT_OPAQUE10">1AE5A00D</color>
	<color name="FOREGROUND_ACCENT_ALT">FF7B5C1B</color>
	<color name="FOREGROUND_ACCENT_ALT_OPAQUE90">FF7B5C1B</color>
	<color name="FOREGROUND_ACCENT_ALT_OPAQUE75">BF7B5C1B</color>
	<color name="FOREGROUND_ACCENT_ALT_OPAQUE50">7F7B5C1B</color>
	<color name="FOREGROUND_ACCENT_ALT_OPAQUE35">597B5C1B</color>
	<color name="FOREGROUND_ACCENT_ALT_OPAQUE20">337B5C1B</color>
	<color name="FOREGROUND_ACCENT_ALT_OPAQUE10">1A7B5C1B</color>
	<color name="FOREGROUND_ACCENT2">BFB67F09</color>

	<color name="FOREGROUND_ERROR">FF992A2A</color>

	<!-- Backgrounds -->
	<color name="BACKGROUND">FF000000</color>
	<color name="BACKGROUND_OPAQUE90">E5000000</color>
	<color name="BACKGROUND_OPAQUE75">BF000000</color>
	<color name="BACKGROUND_OPAQUE50">7F000000</color>
	<color name="BACKGROUND_OPAQUE35">59000000</color>
	<color name="BACKGROUND_OPAQUE20">33000000</color>
	<color name="BACKGROUND_OPAQUE10">1A000000</color>
	<color name="BACKGROUND_INVERSE">FFBEBEBE</color>
	<color name="BACKGROUND_INVERSE_OPAQUE90">E5BEBEBE</color>
	<color name="BACKGROUND_INVERSE_OPAQUE75">BFBEBEBE</color>
	<color name="BACKGROUND_INVERSE_OPAQUE50">7FBEBEBE</color>
	<color name="BACKGROUND_INVERSE_OPAQUE35">59BEBEBE</color>
	<color name="BACKGROUND_INVERSE_OPAQUE20">33BEBEBE</color>
	<color name="BACKGROUND_INVERSE_OPAQUE10">1ABEBEBE</color>

	<color name="BACKGROUND_DIALOG">FF15171B</color>
	<color name="BACKGROUND_NOTIFICATION">FF1F2329</color>
	<color name="BACKGROUND_SETTINGS_TINT">FF1F2329</color>

	<!-- Transparent -->
	<color name="TRANSPARENT">00FFFFFF</color>
</colors>